DS_ATIVIDADE,DS_ATIVIDADE
COMÉRCIO VAREJISTA DE ARTIGOS DO VESTUÁRIO E ACESSÓRIOS,691
"COMÉRCIO VAREJISTA DE MERCADORIAS EM GERAL, COM PREDOMINÂNCIA DE PRODUTOS ALIMENTÍCIOS - MINIMERCADOS, MERCEARIAS E ARMAZÉNS",399
"LANCHONETES, CASAS DE CHÁ, DE SUCOS E SIMILARES",318
RESTAURANTES E SIMILARES,317
COMÉRCIO VAREJISTA DE MATERIAIS DE CONSTRUÇÃO EM GERAL,302
"COMÉRCIO VAREJISTA DE PRODUTOS FARMACÊUTICOS, SEM MANIPULAÇÃO DE FÓRMULAS",279
COMÉRCIO A VAREJO DE PEÇAS E ACESSÓRIOS NOVOS PARA VEÍCULOS AUTOMOTORES,227
COMÉRCIO VAREJISTA DE OUTROS PRODUTOS NÃO ESPECIFICADOS ANTERIORMENTE,193
COMÉRCIO VAREJISTA DE BEBIDAS,168
PADARIA E CONFEITARIA COM PREDOMINÂNCIA DE REVENDA,159
"COMÉRCIO VAREJISTA DE MERCADORIAS EM GERAL, COM PREDOMINÂNCIA DE PRODUTOS ALIMENTÍCIOS - SUPERMERCADOS",157
BARES E OUTROS ESTABELECIMENTOS ESPECIALIZADOS EM SERVIR BEBIDAS,144
CONSTRUÇÃO DE EDIFÍCIOS,127
"APARELHAMENTO DE PLACAS E EXECUÇÃO DE TRABALHOS EM MÁRMORE, GRANITO, ARDÓSIA E OUTRAS PEDRAS",116
SERVIÇOS DE MANUTENÇÃO E REPARAÇÃO MECÂNICA DE VEÍCULOS AUTOMOTORES,114
COMÉRCIO VAREJISTA DE TECIDOS,107
"TRANSPORTE RODOVIÁRIO DE CARGA, EXCETO PRODUTOS PERIGOSOS E MUDANÇAS, INTERMUNICIPAL, INTERESTADUAL E INTERNACIONAL",105
"CONFECÇÃO DE PEÇAS DO VESTUÁRIO, EXCETO ROUPAS ÍNTIMAS E AS CONFECCIONADAS SOB MEDIDA",103
COMERCIO VAREJISTA DE ARTIGOS DE ARMARINHO,102
COMÉRCIO VAREJISTA DE CARNES - AÇOUGUES,100
COMÉRCIO VAREJISTA ESPECIALIZADO DE ELETRODOMÉSTICOS E EQUIPAMENTOS DE ÁUDIO E VÍDEO,95
COMÉRCIO VAREJISTA DE ARTIGOS DE PAPELARIA,94
COMÉRCIO VAREJISTA DE MÓVEIS,94
COMÉRCIO VAREJISTA DE FERRAGENS E FERRAMENTAS,91
COMÉRCIO VAREJISTA DE PRODUTOS ALIMENTÍCIOS EM GERAL OU ESPECIALIZADO EM PRODUTOS ALIMENTÍCIOS NÃO ESPECIFICADOS ANTERIORMENTE,86
COMÉRCIO VAREJISTA DE CALÇADOS,82
REPRESENTANTES COMERCIAIS E AGENTES DO COMÉRCIO DE MERCADORIAS EM GERAL NÃO ESPECIALIZADO,78
FABRICAÇÃO DE MÓVEIS COM PREDOMINÂNCIA DE MADEIRA,77
HOTÉIS,75
COMÉRCIO VAREJISTA DE GÁS LIQÜEFEITO DE PETRÓLEO (GLP),74
"COMÉRCIO VAREJISTA DE COSMÉTICOS, PRODUTOS DE PERFUMARIA E DE HIGIENE PESSOAL",73
EXTRAÇÃO DE GRANITO E BENEFICIAMENTO ASSOCIADO,51
COMÉRCIO VAREJISTA DE ARTIGOS DE ÓPTICA,51
"COMÉRCIO VAREJISTA DE DOCES, BALAS, BOMBONS E SEMELHANTES",48
"TRANSPORTE RODOVIÁRIO DE CARGA, EXCETO PRODUTOS PERIGOSOS E MUDANÇAS, MUNICIPAL",46
COMÉRCIO VAREJISTA DE ARTIGOS DE JOALHERIA,46
AGÊNCIAS DE VIAGENS,46
COMÉRCIO VAREJISTA DE MATERIAL ELÉTRICO,45
"COMERCIO VAREJISTA DE ARTIGOS DE CAMA, MESA E BANHO",45
Comércio varejista especializado de equipamentos e suprimentos de informática,43
COMÉRCIO VAREJISTA DE MEDICAMENTOS VETERINÁRIOS,43
FABRICAÇÃO DE ESQUADRIAS DE METAL,42
Fabricação de produtos de padaria e confeitaria com predominância de produção própria,42
COM	RCIO A VAREJO DE PEAS E ACESSRIOS PARA MOTOCICLETAS E MOTONETAS,41
PADARIA E CONFEITARIA COM PREDOMINÂNCIA DE PRODUÇÃO PRÓPRIA,41
COMÉRCIO VAREJISTA DE MADEIRA E ARTEFATOS,40
COMÉRCIO VAREJISTA DE BICICLETAS E TRICICLOS; PEÇAS E ACESSÓRIOS,40
ALUGUEL DE IMÓVEIS PRÓPRIOS,40
COMÉRCIO VAREJISTA DE ANIMAIS VIVOS E DE ARTIGOS E ALIMENTOS PARA ANIMAIS DE ESTIMAÇÃO,39
COMÉRCIO VAREJISTA DE OUTROS ARTIGOS DE USO DOMÉSTICO NÃO ESPECIFICADOS ANTERIORMENTE,39
COMÉRCIO VAREJISTA DE MATERIAIS DE CONSTRUÇÃO NÃO ESPECIFICADOS ANTERIORMENTE,38
"ATIVIDADES DE CONSULTORIA EM GESTÃO EMPRESARIAL, EXCETO CONSULTORIA TÉCNICA ESPECÍFICA",38
COMÉRCIO VAREJISTA ESPECIALIZADO DE EQUIPAMENTOS E SUPRIMENTOS DE INFORMÁTICA,36
"TRANSPORTE RODOVIÁRIO COLETIVO DE PASSAGEIROS, SOB REGIME DE FRETAMENTO, INTERMUNICIPAL, INTERESTADUAL E INTERNACIONAL",36
"COMÉRCIO VAREJISTA DE SUVENIRES, BIJUTERIAS E ARTESANATOS",35
SERVIÇOS COMBINADOS DE ESCRITÓRIO E APOIO ADMINISTRATIVO,35
"COMÉRCIO VAREJISTA DE PRODUTOS FARMACÊUTICOS, COM MANIPULAÇÃO DE FÓRMULAS",34
CASAS LOTÉRICAS,34
ATIVIDADES DE CONTABILIDADE,34
COMÉRCIO VAREJISTA DE COMBUSTÍVEIS PARA VEÍCULOS AUTOMOTORES,33
SERVIÇOS DE ENGENHARIA,33
OUTRAS ATIVIDADES DE SERVIÇOS PRESTADOS PRINCIPALMENTE ÀS EMPRESAS NÃO ESPECIFICADAS ANTERIORMENTE,32
"COMÉRCIO VAREJISTA ESPECIALIZADO DE PEÇAS E ACESSÓRIOS PARA APARELHOS ELETROELETRÔNICOS PARA USO DOMÉSTICO, EXCETO INFORMÁTICA E COMUNICAÇÃO",32
REPARAÇÃO E MANUTENÇÃO DE EQUIPAMENTOS ELETROELETRÔNICOS DE USO PESSOAL E DOMÉSTICO,32
INSTALAÇÃO E MANUTENÇÃO ELÉTRICA,32
COMÉRCIO VAREJISTA DE HORTIFRUTIGRANJEIROS,32
COMÉRCIO VAREJISTA DE VIDROS,31
FORMAÇÃO DE CONDUTORES,30
COMÉRCIO VAREJISTA DE PLANTAS E FLORES NATURAIS,30
"REPRESENTANTES COMERCIAIS E AGENTES DO COMÉRCIO DE TÊXTEIS, VESTUÁRIO, CALÇADOS E ARTIGOS DE VIAGEM",28
LOCAÇÃO DE AUTOMÓVEIS SEM CONDUTOR,28
OUTRAS ATIVIDADES DE PRESTAÇÃO DE SERVIÇOS DE INFORMAÇÃO NÃO ESPECIFICADAS ANTERIORMENTE,28
COMÉRCIO VAREJISTA DE EQUIPAMENTOS PARA ESCRITÓRIO,27
COMÉRCIO VAREJISTA DE LATICÍNIOS E FRIOS,27
"FABRICAÇÃO DE ARTIGOS DE SERRALHERIA, EXCETO ESQUADRIAS",26
CONFECÇÃO DE ROUPAS ÍNTIMAS,26
COMÉRCIO VAREJISTA ESPECIALIZADO DE EQUIPAMENTOS DE TELEFONIA E COMUNICAÇÃO,26
"ALUGUEL DE FITAS DE VÍDEO, DVDS E SIMILARES",26
COMÉRCIO VAREJISTA DE BRINQUEDOS E ARTIGOS RECREATIVOS,24
"COMÉRCIO A VAREJO DE AUTOMÓVEIS, CAMIONETAS E UTILITÁRIOS USADOS",24
"Cabeleireiros, manicure e pedicure",24
FABRICAÇÃO DE ESQUADRIAS DE MADEIRA E DE PEÇAS DE MADEIRA PARA INSTALAÇÕES INDUSTRIAIS E COMERCIAIS,24
COMÉRCIO ATACADISTA DE MÁRMORES E GRANITOS,23
COMÉRCIO VAREJISTA DE ARTIGOS MÉDICOS E ORTOPÉDICOS,23
FABRICAÇÃO DE SORVETES E OUTROS GELADOS COMESTÍVEIS,23
"FABRICAÇÃO DE ARTEFATOS DE CERÂMICA E BARRO COZIDO PARA USO NA CONSTRUÇÃO, EXCETO AZULEJOS E PISOS",23
FABRICAÇÃO DE ARTEFATOS DE CIMENTO PARA USO NA CONSTRUÇÃO,22
ADMINISTRAÇÃO DE OBRAS,22
COMÉRCIO A VAREJO DE PNEUMÁTICOS E CÂMARAS-DE-AR,22
EDUCAÇÃO INFANTIL - PRÉ-ESCOLA,21
RECONDICIONAMENTO E RECUPERAÇÃO DE MOTORES PARA VEÍCULOS AUTOMOTORES,21
"LOJAS DE VARIEDADES, EXCETO LOJAS DE DEPARTAMENTOS OU MAGAZINES",20
"REPRESENTANTES COMERCIAIS E AGENTES DO COMÉRCIO DE PRODUTOS ALIMENTÍCIOS, BEBIDAS E FUMO",20
COMÉRCIO VAREJISTA DE TINTAS E MATERIAIS PARA PINTURA,19
OBRAS DE TERRAPLENAGEM,19
ATIVIDADES DE CONDICIONAMENTO FÍSICO,19
FOTOCÓPIAS,19
COMÉRCIO POR ATACADO DE PEÇAS E ACESSÓRIOS NOVOS PARA VEÍCULOS AUTOMOTORES,19
REPARAÇÃO E MANUTENÇÃO DE COMPUTADORES E DE EQUIPAMENTOS PERIFÉRICOS,19
"COMÉRCIO VAREJISTA DE MERCADORIAS EM GERAL, COM PREDOMINÂNCIA DE PRODUTOS ALIMENTÍCIOS - HIPERMERCADOS",19
MOTÉIS,19
COMÉRCIO ATACADISTA DE OUTROS EQUIPAMENTOS E ARTIGOS DE USO PESSOAL E DOMÉSTICO NÃO ESPECIFICADOS ANTERIORMENTE,18
CORRETAGEM NA COMPRA E VENDA E AVALIAÇÃO DE IMÓVEIS,18
INCORPORAÇÃO DE EMPREENDIMENTOS IMOBILIÁRIOS,18
"SERVIÇOS DE ORGANIZAÇÃO DE FEIRAS, CONGRESSOS, EXPOSIÇÕES E FESTAS",18
REPARAÇÃO E MANUTENÇÃO DE OUTROS OBJETOS E EQUIPAMENTOS PESSOAIS E DOMÉSTICOS NÃO ESPECIFICADOS ANTERIORMENTE,17
SERRARIAS COM DESDOBRAMENTO DE MADEIRA,17
COMÉRCIO VAREJISTA DE ARTIGOS ESPORTIVOS,17
LABORATÓRIOS CLÍNICOS,17
OUTROS REPRESENTANTES COMERCIAIS E AGENTES DO COMÉRCIO ESPECIALIZADO EM PRODUTOS NÃO ESPECIFICADOS ANTERIORMENTE,17
FABRICAÇÃO DE AGUARDENTE DE CANA-DE-AÇÚCAR,17
REPRESENTANTES COMERCIAIS E AGENTES DO COMÉRCIO DE MATÉRIAS-PRIMAS AGRÍCOLAS E ANIMAIS VIVOS,17
"REPRESENTANTES COMERCIAIS E AGENTES DO COMÉRCIO DE MADEIRA, MATERIAL DE CONSTRUÇÃO E FERRAGENS",17
"CONFECÇÃO, SOB MEDIDA, DE PEÇAS DO VESTUÁRIO, EXCETO ROUPAS ÍNTIMAS",17
IMPRESSÃO DE MATERIAL PARA OUTROS USOS,17
COMPRA E VENDA DE IMÓVEIS PRÓPRIOS,16
"EXTRAÇÃO DE AREIA, CASCALHO OU PEDREGULHO E BENEFICIAMENTO ASSOCIADO",16
"COMÉRCIO VAREJISTA DE ARTIGOS DE CAÇA, PESCA E CAMPING",15
"INSTALAÇÃO E MANUTENÇÃO DE SISTEMAS CENTRAIS DE AR CONDICIONADO, DE VENTILAÇÃO E REFRIGERAÇÃO",15
COMÉRCIO DE PEÇAS E ACESSÓRIOS PARA VEÍCULOS AUTOMOTORES,15
PEIXARIA,15
"APARELHAMENTO DE PEDRAS PARA CONSTRUÇÃO, EXCETO ASSOCIADO À EXTRAÇÃO",15
COMÉRCIO VAREJISTA DE ARTIGOS DE ILUMINAÇÃO,15
OBRAS DE ALVENARIA,15
"SERVIÇOS DE LAVAGEM, LUBRIFICAÇÃO E POLIMENTO DE VEÍCULOS AUTOMOTORES",15
ATIVIDADE MÉDICA AMBULATORIAL RESTRITA A CONSULTAS,15
"SERVIÇOS DE INSTALAÇÃO, MANUTENÇÃO E REPARAÇÃO DE ACESSÓRIOS PARA VEÍCULOS AUTOMOTORES",15
COMÉRCIO A VAREJO DE PEÇAS E ACESSÓRIOS USADOS PARA VEÍCULOS AUTOMOTORES,15
COMÉRCIO VAREJISTA DE ARTIGOS DE COLCHOARIA,14
SERVIÇOS DE LANTERNAGEM OU FUNILARIA E PINTURA DE VEÍCULOS AUTOMOTORES,14
"ALUGUEL DE MÁQUINAS E EQUIPAMENTOS PARA CONSTRUÇÃO SEM OPERADOR, EXCETO ANDAIMES",14
PREPARAÇÃO DE DOCUMENTOS E SERVIÇOS ESPECIALIZADOS DE APOIO ADMINISTRATIVO NÃO ESPECIFICADOS ANTERIORMENTE,14
EXTRAÇÃO DE MÁRMORE E BENEFICIAMENTO ASSOCIADO,14
OUTROS ALOJAMENTOS NÃO ESPECIFICADOS ANTERIORMENTE,13
"CONFECÇÃO DE ROUPAS PROFISSIONAIS, EXCETO SOB MEDIDA",13
"REPRESENTANTES COMERCIAIS E AGENTES DO COMÉRCIO DE ELETRODOMÉSTICOS, MÓVEIS E ARTIGOS DE USO DOMÉSTICO",13
LIMPEZA EM PRÉDIOS E EM DOMICÍLIOS,13
"FABRICAÇÃO DE ESTRUTURAS PRÉ-MOLDADAS DE CONCRETO ARMADO, EM SÉRIE E SOB ENCOMENDA",13
COMÉRCIO VAREJISTA DE LIVROS,13
TREINAMENTO EM DESENVOLVIMENTO PROFISSIONAL E GERENCIAL,13
IMPRESSÃO DE MATERIAL DE SEGURANÇA,13
FABRICAÇÃO DE ALIMENTOS E PRATOS PRONTOS,13
COMÉRCIO VAREJISTA ESPECIALIZADO DE INSTRUMENTOS MUSICAIS E ACESSÓRIOS,13
SERVIÇOS DE FUNERÁRIAS,13
COMÉRCIO VAREJISTA DE ARTIGOS FOTOGRÁFICOS E PARA FILMAGEM,12
EDUCAÇÃO INFANTIL - CRECHE,12
"FABRICAÇÃO DE OUTROS ARTEFATOS E PRODUTOS DE CONCRETO, CIMENTO, FIBROCIMENTO, GESSO E MATERIAIS SEMELHANTES",12
FABRICAÇÃO DE ESTRUTURAS METÁLICAS,12
COMÉRCIO ATACADISTA DE MEDICAMENTOS E DROGAS DE USO HUMANO,12
AGÊNCIAS DE PUBLICIDADE,12
FABRICAÇÃO DE ARTEFATOS TÊXTEIS PARA USO DOMÉSTICO,12
SERVIÇOS DE PINTURA DE EDIFÍCIOS EM GERAL,12
"TRANSPORTE RODOVIÁRIO COLETIVO DE PASSAGEIROS, COM ITINERÁRIO FIXO, MUNICIPAL",11
ENSINO DE IDIOMAS,11
TRANSPORTE ESCOLAR,11
FORNECIMENTO DE ALIMENTOS PREPARADOS PREPONDERANTEMENTE PARA CONSUMO DOMICILIAR,11
"ALUGUEL DE OBJETOS DO VESTUÁRIO, JÓIAS E ACESSÓRIOS",11
COMÉRCIO VAREJISTA DE CARNES E PESCADOS - AÇOUGUES E PEIXARIAS,11
COMÉRCIO VAREJISTA DE ARTIGOS DE RELOJOARIA,11
FABRICAÇÃO DE ARTEFATOS DE TANOARIA E DE EMBALAGENS DE MADEIRA,11
"COMÉRCIO VAREJISTA DE CAL, AREIA, PEDRA BRITADA, TIJOLOS E TELHAS",11
MONTAGEM DE ESTRUTURAS METÁLICAS,11
COMÉRCIO VAREJISTA DE PRODUTOS SANEANTES DOMISSANITÁRIOS,11
"ALUGUEL DE OUTRAS MÁQUINAS E EQUIPAMENTOS COMERCIAIS E INDUSTRIAIS NÃO ESPECIFICADOS ANTERIORMENTE, SEM OPERADOR",11
COMÉRCIO VAREJISTA DE PRODUTOS FARMACÊUTICOS HOMEOPÁTICOS,10
ATIVIDADES DE RÁDIO,10
LAVANDERIAS,10
GESTÃO E ADMINISTRAÇÃO DA PROPRIEDADE IMOBILIÁRIA,10
Fabricação de produtos de panificação industrial,10
"CONFECÇÃO DE PEÇAS DO VESTUÁRIO, EXCETO ROUPAS ÍNTIMAS",10
"CORRETORES E AGENTES DE SEGUROS, DE PLANOS DE PREVIDÊNCIA COMPLEMENTAR E DE SAÚDE",10
"SUPORTE TÉCNICO, MANUTENÇÃO E OUTROS SERVIÇOS EM TECNOLOGIA DA INFORMAÇÃO",10
ATIVIDADES DE SONORIZAÇÃO E DE ILUMINAÇÃO,10
TORREFAÇÃO E MOAGEM DE CAFÉ,10
COMÉRCIO ATACADISTA DE FERRAGENS E FERRAMENTAS,10
"REPRESENTANTES COMERCIAIS E AGENTES DO COMÉRCIO DE MEDICAMENTOS, COSMÉTICOS E PRODUTOS DE PERFUMARIA",10
OUTRAS ATIVIDADES DE RECREAÇÃO E LAZER NÃO ESPECIFICADAS ANTERIORMENTE,10
SERVIÇOS DE ALIMENTAÇÃO PARA EVENTOS E RECEPÇÕES - BUFÊ,9
FORNECIMENTO DE ALIMENTOS PREPARADOS PREPONDERANTEMENTE PARA EMPRESAS,9
SERVIÇOS AMBULANTES DE ALIMENTAÇÃO,9
COMÉRCIO A VAREJO DE MOTOCICLETAS E MOTONETAS NOVAS,9
ATIVIDADES DE FRANQUEADAS E PERMISSIONÁRIAS DO CORREIO NACIONAL,9
ATIVIDADES DE COBRANÇA E INFORMAÇÕES CADASTRAIS,9
"TRANSPORTE RODOVIÁRIO COLETIVO DE PASSAGEIROS, SOB REGIME DE FRETAMENTO, MUNICIPAL",9
OUTRAS ATIVIDADES DE SERVIÇOS PESSOAIS NÃO ESPECIFICADAS ANTERIORMENTE,9
MANUTENÇÃO E REPARAÇÃO DE MÁQUINAS E EQUIPAMENTOS PARA USO GERAL NÃO ESPECIFICADOS ANTERIORMENTE,8
COMÉRCIO ATACADISTA ESPECIALIZADO EM OUTROS PRODUTOS ALIMENTÍCIOS NÃO ESPECIFICADOS ANTERIORMENTE,8
COMÉRCIO VAREJISTA DE ANTIGÜIDADES,8
IMPRESSÃO DE MATERIAL PARA USO PUBLICITÁRIO,8
"COMÉRCIO ATACADISTA DE FRUTAS, VERDURAS, RAÍZES, TUBÉRCULOS, HORTALIÇAS E LEGUMES FRESCOS",8
CHAVEIROS,8
"INSTALAÇÃO DE PORTAS, JANELAS, TETOS, DIVISÓRIAS E ARMÁRIOS EMBUTIDOS DE QUALQUER MATERIAL",8
COMÉRCIO VAREJISTA DE PRODUTOS FARMACÊUTICOS PARA USO HUMANO E VETERINÁRIO,8
"BRITAMENTO DE PEDRAS, EXCETO ASSOCIADO À EXTRAÇÃO",8
ATIVIDADE ODONTOLÓGICA COM RECURSOS PARA REALIZAÇÃO DE PROCEDIMENTOS CIRÚRGICOS,8
"SERVIÇOS DE CARTOGRAFIA, TOPOGRAFIA E GEODÉSIA",8
PRODUÇÃO MUSICAL,8
COMÉRCIO VAREJISTA DE MATERIAIS HIDRÁULICOS,8
CASAS DE FESTAS E EVENTOS,8
COMÉRCIO VAREJISTA DE JORNAIS E REVISTAS,8
FABRICAÇÃO DE CONSERVAS DE FRUTAS,8
"ATIVIDADES DE INTERMEDIAÇÃO E AGENCIAMENTO DE SERVIÇOS E NEGÓCIOS EM GERAL, EXCETO IMOBILIÁRIOS",7
"FABRICAÇÃO DE ARTEFATOS DIVERSOS DE MADEIRA, EXCETO MÓVEIS",7
FABRICAÇÃO DE OUTROS PRODUTOS ALIMENTÍCIOS NÃO ESPECIFICADOS ANTERIORMENTE,7
SERVIÇOS DE ACABAMENTOS GRÁFICOS,7
TRANSPORTE RODOVIÁRIO DE PRODUTOS PERIGOSOS,7
"COMÉRCIO ATACADISTA DE MERCADORIAS EM GERAL, COM PREDOMINÂNCIA DE PRODUTOS ALIMENTÍCIOS",7
COMÉRCIO ATACADISTA DE BEBIDAS NÃO ESPECIFICADAS ANTERIORMENTE,7
"COMÉRCIO ATACADISTA DE INSTRUMENTOS E MATERIAIS PARA USO MÉDICO, CIRÚRGICO, HOSPITALAR E DE LABORATÓRIOS",7
COMÉRCIO ATACADISTA DE RESÍDUOS E SUCATAS METÁLICOS,7
OUTRAS OBRAS DE ENGENHARIA CIVIL NÃO ESPECIFICADAS ANTERIORMENTE,7
MANUTENÇÃO E REPARAÇÃO DE EMBARCAÇÕES E ESTRUTURAS FLUTUANTES,7
IMUNIZAÇÃO E CONTROLE DE PRAGAS URBANAS,7
ALUGUEL DE MÁQUINAS E EQUIPAMENTOS PARA ESCRITÓRIO,7
"TRATAMENTO DE DADOS, PROVEDORES DE SERVIÇOS DE APLICAÇÃO E SERVIÇOS DE HOSPEDAGEM NA INTERNET",7
SERVIÇOS DE MANUTENÇÃO E REPARAÇÃO ELÉTRICA DE VEÍCULOS AUTOMOTORES,7
"REPRESENTANTES COMERCIAIS E AGENTES DO COMÉRCIO DE MÁQUINAS, EQUIPAMENTOS, EMBARCAÇÕES E AERONAVES",7
"ATIVIDADES DE PRODUÇÃO DE FOTOGRAFIAS, EXCETO AÉREA E SUBMARINA",7
"COMÉRCIO ATACADISTA DE MERCADORIAS EM GERAL, SEM PREDOMINÂNCIA DE ALIMENTOS OU DE INSUMOS AGROPECUÁRIOS",7
"FABRICAÇÃO DE MÁQUINAS E APARELHOS DE REFRIGERAÇÃO E VENTILAÇÃO PARA USO INDUSTRIAL E COMERCIAL, PEÇAS E ACESSÓRIOS",7
"FABRICAÇÃO DE CABINES, CARROCERIAS E REBOQUES PARA CAMINHÕES",7
"COMÉRCIO VAREJISTA DE DISCOS, CDS, DVDS E FITAS",7
REPRESENTANTES COMERCIAIS E AGENTES DO COMÉRCIO DE PEÇAS E ACESSÓRIOS NOVOS E USADOS PARA VEÍCULOS AUTOMOTORES,7
"COMÉRCIO VAREJISTA DE ARTIGOS DE TAPEÇARIA, CORTINAS E PERSIANAS",7
"FABRICAÇÃO DE SUCOS CONCENTRADOS DE FRUTAS, HORTALIÇAS E LEGUMES",7
"FABRICAÇÃO DE ESCOVAS, PINCÉIS E VASSOURAS",7
COMÉRCIO ATACADISTA DE CAFÉ EM GRÃO,7
"COMÉRCIO ATACADISTA DE ARTIGOS DO VESTUÁRIO E ACESSÓRIOS, EXCETO PROFISSIONAIS E DE SEGURANÇA",7
SERVIÇOS DE ENTREGA RÁPIDA,7
ATIVIDADES DE ESTÉTICA E OUTROS SERVIÇOS  DE CUIDADOS COM A BELEZA,7
"MANUTENÇÃO E REPARAÇÃO DE MÁQUINAS DE ESCREVER, CALCULAR E DE OUTROS EQUIPAMENTOS NÃO-ELETRÔNICOS PARA ESCRITÓRIO",7
FABRICAÇÃO DE OUTROS PRODUTOS DE MINERAIS NÃO-METÁLICOS NÃO ESPECIFICADOS ANTERIORMENTE,7
COMÉRCIO VAREJISTA DE ARTIGOS DE VIAGEM,7
MANUTENÇÃO E REPARAÇÃO DE MOTOCICLETAS E MOTONETAS,6
CRIAÇÃO DE BOVINOS PARA CORTE,6
ATIVIDADES DE AGENCIAMENTO MARÍTIMO,6
"ATIVIDADES DE ATENDIMENTO HOSPITALAR, EXCETO PRONTO-SOCORRO E UNIDADES PARA ATENDIMENTO A URGÊNCIAS",6
OUTRAS OBRAS DE ACABAMENTO DA CONSTRUÇÃO,6
DESENVOLVIMENTO E LICENCIAMENTO DE PROGRAMAS DE COMPUTADOR NÃO-CUSTOMIZÁVEIS,6
"COMÉRCIO ATACADISTA DE PRODUTOS DE HIGIENE, LIMPEZA E CONSERVAÇÃO DOMICILIAR",6
"MANUTENÇÃO E REPARAÇÃO DE GERADORES, TRANSFORMADORES E MOTORES ELÉTRICOS",6
"ARTES CÊNICAS, ESPETÁCULOS E ATIVIDADES COMPLEMENTARES NÃO ESPECIFICADOS ANTERIORMENTE",6
EXPLORAÇÃO DE JOGOS ELETRÔNICOS RECREATIVOS,6
SERVIÇOS ESPECIALIZADOS PARA CONSTRUÇÃO NÃO ESPECIFICADOS ANTERIORMENTE,6
FABRICAÇÃO DE OUTROS PRODUTOS DE METAL NÃO ESPECIFICADOS ANTERIORMENTE,6
RESTAURANTES E OUTROS ESTABELECIMENTOS DE SERVIÇOS DE ALIMENTAÇÃO E BEBIDAS,6
SELEÇÃO E AGENCIAMENTO DE MÃO-DE-OBRA,6
Atividades de monitoramento de sistemas de segurança eletrônico,6
TREINAMENTO EM INFORMÁTICA,6
ATIVIDADES PAISAGÍSTICAS,6
IMPERMEABILIZAÇÃO EM OBRAS DE ENGENHARIA CIVIL,6
ATIVIDADE MÉDICA AMBULATORIAL COM RECURSOS PARA REALIZAÇÃO DE EXAMES COMPLEMENTARES,6
"OBRAS DE URBANIZAÇÃO - RUAS, PRAÇAS E CALÇADAS",6
"MANUTENÇÃO E REPARAÇÃO DE MÁQUINAS, APARELHOS E MATERIAIS ELÉTRICOS NÃO ESPECIFICADOS ANTERIORMENTE",6
COMÉRCIO VAREJISTA DE OBJETOS DE ARTE,6
SERVIÇOS DE REBOQUE DE VEÍCULOS,6
COMÉRCIO ATACADISTA DE PRODUTOS ALIMENTÍCIOS EM GERAL,6
FABRICAÇÃO DE CALÇADOS DE COURO,6
OBRAS DE MONTAGEM INDUSTRIAL,6
FABRICAÇÃO DE ARTEFATOS DE MATERIAL PLÁSTICO PARA OUTROS USOS NÃO ESPECIFICADOS ANTERIORMENTE,6
"ALUGUEL DE PALCOS, COBERTURAS E OUTRAS ESTRUTURAS DE USO TEMPORÁRIO, EXCETO ANDAIMES",6
COMÉRCIO ATACADISTA DE EMBALAGENS,6
COMÉRCIO ATACADISTA DE MADEIRA E PRODUTOS DERIVADOS,6
ESTACIONAMENTO DE VEÍCULOS,6
Desenvolvimento de programas de computador sob encomenda,6
COMÉRCIO ATACADISTA DE COSMÉTICOS E PRODUTOS DE PERFUMARIA,5
FABRICAÇÃO DE MASSAS ALIMENTÍCIAS,5
"REPARAÇÃO DE CALÇADOS, BOLSAS E ARTIGOS DE VIAGEM",5
"FABRICAÇÃO DE COSMÉTICOS, PRODUTOS DE PERFUMARIA E DE HIGIENE PESSOAL",5
ATIVIDADES DE PRODUÇÃO DE FOTOGRAFIAS AÉREAS E SUBMARINAS,5
EXTRAÇÃO E BRITAMENTO DE PEDRAS E OUTROS MATERIAIS PARA CONSTRUÇÃO E BENEFICIAMENTO ASSOCIADO,5
"INSTALAÇÕES HIDRÁULICAS, SANITÁRIAS E DE GÁS",5
OUTRAS ATIVIDADES DE PUBLICIDADE NÃO ESPECIFICADAS ANTERIORMENTE,5
ARMAZÉNS GERAIS - EMISSÃO DE WARRANT,5
SERRARIAS SEM DESDOBRAMENTO DE MADEIRA,5
"COMÉRCIO A VAREJO DE AUTOMÓVEIS, CAMIONETAS E UTILITÁRIOS NOVOS",5
"FABRICAÇÃO DE LETRAS, LETREIROS E PLACAS DE QUALQUER MATERIAL, EXCETO LUMINOSOS",5
ATIVIDADES DE GRAVAÇÃO DE SOM E DE EDIÇÃO DE MÚSICA,5
ATIVIDADE NÃO INFORMADA OU EXTINTA,5
SERVIÇOS DE BORRACHARIA PARA VEÍCULOS AUTOMOTORES,5
GESTÃO E MANUTENÇÃO DE CEMITÉRIOS,5
FABRICAÇÃO DE CALÇADOS DE MATERIAIS NÃO ESPECIFICADOS ANTERIORMENTE,5
"COMÉRCIO ATACADISTA DE MÁQUINAS, EQUIPAMENTOS PARA TERRAPLENAGEM, MINERAÇÃO E CONSTRUÇÃO; PARTES E PEÇAS",5
COMÉRCIO VAREJISTA DE OUTROS ARTIGOS USADOS,5
"ALOJAMENTO, HIGIENE E EMBELEZAMENTO DE ANIMAIS",5
"REPRESENTANTES COMERCIAIS E AGENTES DO COMÉRCIO DE MOTOCICLETAS E MOTONETAS, PEÇAS E ACESSÓRIOS",5
SERVIÇOS DE PRÉ-IMPRESSÃO,5
EXTRAÇÃO DE OUTROS MINERAIS NÃO-METÁLICOS NÃO ESPECIFICADOS ANTERIORMENTE,5
LABORATÓRIOS FOTOGRÁFICOS,5
PROVEDORES DE ACESSO ÀS REDES DE COMUNICAÇÕES,5
"FACÇÃO DE PEÇAS DO VESTUÁRIO, EXCETO ROUPAS ÍNTIMAS",5
REPARAÇÃO E MANUTENÇÃO DE EQUIPAMENTOS DE COMUNICAÇÃO,5
"TRANSPORTE RODOVIÁRIO COLETIVO DE PASSAGEIROS, COM ITINERÁRIO FIXO, INTERESTADUAL",5
CANTINAS - SERVIÇOS DE ALIMENTAÇÃO PRIVATIVOS,5
"TRANSPORTE RODOVIÁRIO COLETIVO DE PASSAGEIROS, COM ITINERÁRIO FIXO, INTERMUNICIPAL EM REGIÃO METROPOLITANA",5
ENSINO FUNDAMENTAL,5
FABRICAÇÃO DE ARTIGOS DE METAL PARA USO DOMÉSTICO E PESSOAL,5
FABRICAÇÃO DE PRODUTOS DE PANIFICAÇÃO,5
"FABRICAÇÃO DE OUTRAS MÁQUINAS E EQUIPAMENTOS DE USO GERAL NÃO ESPECIFICADOS ANTERIORMENTE, PEÇAS E ACESSÓRIOS",5
COMÉRCIO ATACADISTA DE PESCADOS E FRUTOS DO MAR,5
SERVIÇOS DE ARQUITETURA,5
OUTRAS ATIVIDADES DE ENSINO NÃO ESPECIFICADAS ANTERIORMENTE,5
COMÉRCIO A VAREJO DE MOTOCICLETAS E MOTONETAS USADAS,5
"FABRICAÇÃO DE ARTIGOS PARA VIAGEM, BOLSAS E SEMELHANTES DE QUALQUER MATERIAL",5
ATIVIDADES DE DESPACHANTES ADUANEIROS,5
COMÉRCIO ATACADISTA DE MÁQUINAS E EQUIPAMENTOS PARA USO INDUSTRIAL; PARTES E PEÇAS,5
FABRICAÇÃO DE PRODUTOS DE CARNE,5
"CONSTRUÇÃO DE REDES DE ABASTECIMENTO DE ÁGUA, COLETA DE ESGOTO E CONSTRUÇÕES CORRELATAS",4
FABRICAÇÃO DE ALIMENTOS PARA ANIMAIS,4
SERVIÇOS DE MALOTE NÃO REALIZADOS PELO CORREIO NACIONAL,4
COMÉRCIO ATACADISTA DE GÁS LIQÜEFEITO DE PETRÓLEO (GLP),4
SERVIÇO DE TÁXI,4
REFORMA DE PNEUMÁTICOS USADOS,4
CARGA E DESCARGA,4
OUTRAS ATIVIDADES DE TELECOMUNICAÇÕES NÃO ESPECIFICADAS ANTERIORMENTE,4
"MANUTENÇÃO E REPARAÇÃO DE TANQUES, RESERVATÓRIOS METÁLICOS E CALDEIRAS, EXCETO PARA VEÍCULOS",4
"EDIÇÃO INTEGRADA À IMPRESSÃO DE CADASTROS, LISTAS E OUTROS PRODUTOS GRÁFICOS",4
COMÉRCIO ATACADISTA DE LEITE E LATICÍNIOS,4
PRODUÇÃO DE CARVÃO VEGETAL - FLORESTAS PLANTADAS,4
FABRICAÇÃO DE BISCOITOS E BOLACHAS,4
TRANSPORTE RODOVIÁRIO DE CARGA,4
MANUTENÇÃO E REPARAÇÃO DE OUTRAS MÁQUINAS E EQUIPAMENTOS PARA USOS INDUSTRIAIS NÃO ESPECIFICADOS ANTERIORMENTE,4
HOLDINGS DE INSTITUIÇÕES NÃO-FINANCEIRAS,4
REPRESENTANTES COMERCIAIS E AGENTES DO COMÉRCIO DE INSTRUMENTOS E MATERIAIS ODONTO-MÉDICO-HOSPITALARES,4
FABRICAÇÃO DE ARTEFATOS DE JOALHERIA E OURIVESARIA,4
PROMOÇÃO DE VENDAS,4
FABRICAÇÃO DE ÁGUAS ENVASADAS,4
MANUTENÇÃO E REPARAÇÃO DE MÁQUINAS E APARELHOS PARA A INDÚSTRIA DO PLÁSTICO,4
"ALUGUEL DE MÓVEIS, UTENSÍLIOS E APARELHOS DE USO DOMÉSTICO E PESSOAL; INSTRUMENTOS MUSICAIS",4
FABRICAÇÃO DE ARTEFATOS DE BORRACHA NÃO ESPECIFICADOS ANTERIORMENTE,4
"REPRESENTANTES COMERCIAIS E AGENTES DO COMÉRCIO DE COMBUSTÍVEIS, MINERAIS, PRODUTOS SIDERÚRGICOS E QUÍMICOS",4
SERVIÇO DE TRANSPORTE DE PASSAGEIROS - LOCAÇÃO DE AUTOMÓVEIS COM MOTORISTA,4
OBRAS DE FUNDAÇÕES,4
Comércio varejista de mercadorias em lojas de conveniência,4
COMÉRCIO ATACADISTA DE CEREAIS E LEGUMINOSAS BENEFICIADOS,4
LOJAS DE DEPARTAMENTOS OU MAGAZINES,4
OUTRAS ATIVIDADES AUXILIARES DOS TRANSPORTES TERRESTRES NÃO ESPECIFICADAS ANTERIORMENTE,4
LOCAÇÃO DE MÃO-DE-OBRA TEMPORÁRIA,4
FABRICAÇÃO DE OBRAS DE CALDEIRARIA PESADA,4
FABRICAÇÃO DE PRODUTOS DE LIMPEZA E POLIMENTO,4
"FABRICAÇÃO DE ESPECIARIAS, MOLHOS, TEMPEROS E CONDIMENTOS",4
FABRICAÇÃO DE EMBALAGENS DE MATERIAL PLÁSTICO,4
"FABRICAÇÃO DE PRODUTOS DE PAPEL, CARTOLINA, PAPEL-CARTÃO E PAPELÃO ONDULADO PARA USO COMERCIAL E DE ESCRITÓRIO, EXCETO FORMULÁRIO CONTÍNUO",4
FABRICAÇÃO DE LATICÍNIOS,4
COMÉRCIO ATACADISTA DE CARNES BOVINAS E SUÍNAS E DERIVADOS,4
CULTIVO DE CAFÉ,4
MANUTENÇÃO E REPARAÇÃO DE MÁQUINAS E APARELHOS DE REFRIGERAÇÃO E VENTILAÇÃO PARA USO INDUSTRIAL E COMERCIAL,4
EXTRAÇÃO DE ARGILA E BENEFICIAMENTO ASSOCIADO,4
INSTALAÇÃO DE MÁQUINAS E EQUIPAMENTOS INDUSTRIAIS,4
APLICAÇÃO DE REVESTIMENTOS E DE RESINAS EM INTERIORES E EXTERIORES,4
COLETA DE RESÍDUOS NÃO-PERIGOSOS,4
EXTRAÇÃO DE MADEIRA EM FLORESTAS PLANTADAS,4
"FABRICAÇÃO DE MÁQUINAS E EQUIPAMENTOS PARA A AGRICULTURA E PECUÁRIA, PEÇAS E ACESSÓRIOS, EXCETO PARA IRRIGAÇÃO",4
"DISCOTECAS, DANCETERIAS, SALÕES DE DANÇA E SIMILARES",4
"FABRICAÇÃO DE TECIDOS ESPECIAIS, INCLUSIVE ARTEFATOS",4
"CONFECÇÃO, SOB MEDIDA, DE ROUPAS PROFISSIONAIS",4
CORRETAGEM NO ALUGUEL DE IMÓVEIS,4
COMÉRCIO ATACADISTA ESPECIALIZADO EM OUTROS PRODUTOS INTERMEDIÁRIOS NÃO ESPECIFICADOS ANTERIORMENTE,4
COMÉRCIO ATACADISTA DE OUTROS PRODUTOS QUÍMICOS E PETROQUÍMICOS NÃO ESPECIFICADOS ANTERIORMENTE,4
"PRESERVAÇÃO DE PEIXES, CRUSTÁCEOS E MOLUSCOS",4
CONSTRUÇÃO DE RODOVIAS E FERROVIAS,4
FABRICAÇÃO DE PRODUTOS DERIVADOS DO CACAU E DE CHOCOLATES,4
"Serviços de usinagem, tornearia e solda",4
FABRICAÇÃO DE CERVEJAS E CHOPES,3
Higiene e embelezamento de animais doméstico,3
REPARAÇÃO DE ARTIGOS DO MOBILIÁRIO,3
Edição de jornais não diários,3
SERVIÇOS DE MONTAGEM DE MÓVEIS DE QUALQUER MATERIAL,3
"FABRICAÇÃO DE CABINES, CARROCERIAS E REBOQUES PARA OUTROS VEÍCULOS AUTOMOTORES, EXCETO CAMINHÕES E ÔNIBUS",3
EDIÇÃO DE JORNAIS,3
"PORTAIS, PROVEDORES DE CONTEÚDO E OUTROS SERVIÇOS DE INFORMAÇÃO NA INTERNET",3
FABRICAÇÃO DE OUTRAS AGUARDENTES E BEBIDAS DESTILADAS,3
PLANOS DE SAÚDE,3
ATIVIDADES DE FISIOTERAPIA,3
"COMÉRCIO ATACADISTA DE VIDROS, ESPELHOS E VITRAIS",3
"TRANSPORTE RODOVIÁRIO COLETIVO DE PASSAGEIROS, COM ITINERÁRIO FIXO, MUNICIPAL E EM REGIÃO METROPOLITANA",3
"IMPRESSÃO DE LIVROS, REVISTAS E OUTRAS PUBLICAÇÕES PERIÓDICAS",3
CRIAÇÃO DE ESTANDES PARA FEIRAS E EXPOSIÇÕES,3
COMÉRCIO ATACADISTA DE TECIDOS,3
ALUGUEL DE EQUIPAMENTOS RECREATIVOS E ESPORTIVOS,3
"FABRICAÇÃO DE MÁQUINAS E EQUIPAMENTOS PARA SANEAMENTO BÁSICO E AMBIENTAL, PEÇAS E ACESSÓRIOS",3
ALUGUEL DE OUTROS OBJETOS PESSOAIS E DOMÉSTICOS NÃO ESPECIFICADOS ANTERIORMENTE,3
ENSINO DE ESPORTES,3
FACÇÃO DE ROUPAS ÍNTIMAS,3
COMÉRCIO ATACADISTA DE EQUIPAMENTOS DE INFORMÁTICA,3
ATIVIDADES DE LIMPEZA NÃO ESPECIFICADAS ANTERIORMENTE,3
DESENVOLVIMENTO E LICENCIAMENTO DE PROGRAMAS DE COMPUTADOR CUSTOMIZÁVEIS,3
COMÉRCIO VAREJISTA DE ARTIGOS DO VESTUÁRIO E COMPLEMENTOS,3
EDUCAÇÃO SUPERIOR - GRADUAÇÃO E PÓS-GRADUAÇÃO,3
ATIVIDADES DE APOIO À PRODUÇÃO FLORESTAL,3
INSTALAÇÕES DE SISTEMA DE PREVENÇÃO CONTRA INCÊNDIO,3
SERVIÇOS DE COMUNICAÇÃO MULTIMÍDIA - SCM,3
FUNDIÇÃO DE FERRO E AÇO,3
EDIÇÃO DE LIVROS,3
"SERVIÇOS DE DIAGNÓSTICO POR IMAGEM COM USO DE RADIAÇÃO IONIZANTE, EXCETO TOMOGRAFIA",3
"INSTALAÇÃO, MANUTENÇÃO E REPARAÇÃO DE ELEVADORES, ESCADAS E ESTEIRAS ROLANTES",3
EDIÇÃO INTEGRADA À IMPRESSÃO DE JORNAIS,3
"FABRICAÇÃO DE PRODUTOS DE TREFILADOS DE METAL, EXCETO PADRONIZADOS",3
OUTRAS ATIVIDADES DE ATENÇÃO À SAÚDE HUMANA NÃO ESPECIFICADAS ANTERIORMENTE,3
DESENVOLVIMENTO DE PROGRAMAS DE COMPUTADOR SOB ENCOMENDA,3
CONSULTORIA EM TECNOLOGIA DA INFORMAÇÃO,3
"FABRICAÇÃO DE ACESSÓRIOS DO VESTUÁRIO, EXCETO PARA SEGURANÇA E PROTEÇÃO",3
"SERVIÇOS DE USINAGEM, SOLDA, TRATAMENTO E REVESTIMENTO EM METAIS",3
CLÍNICAS DE ESTÉTICA E SIMILARES,3
ESCAFANDRIA E MERGULHO,3
FABRICAÇÃO DE PRODUTOS DIVERSOS NÃO ESPECIFICADOS ANTERIORMENTE,3
COMÉRCIO ATACADISTA DE MATÉRIAS-PRIMAS AGRÍCOLAS COM ATIVIDADE DE FRACIONAMENTO E ACONDICIONAMENTO ASSOCIADA,3
"AGENCIAMENTO DE ESPAÇOS PARA PUBLICIDADE, EXCETO EM VEÍCULOS DE COMUNICAÇÃO",3
ATIVIDADES DE APOIO À EXTRAÇÃO DE MINERAIS NÃO-METÁLICOS,3
MARKETING DIRETO,3
RECUPERAÇÃO DE MATERIAIS PLÁSTICOS,3
MANUTENÇÃO DE REDES DE DISTRIBUIÇÃO DE ENERGIA ELÉTRICA,3
FABRICAÇÃO DE SABÕES E DETERGENTES SINTÉTICOS,3
SERVIÇOS ADVOCATÍCIOS,3
PRODUÇÃO TEATRAL,3
ALUGUEL DE MÁQUINAS E EQUIPAMENTOS AGRÍCOLAS SEM OPERADOR,3
EXTRAÇÃO DE GEMAS (PEDRAS PRECIOSAS E SEMIPRECIOSAS),3
CULTIVO DE FLORES E PLANTAS ORNAMENTAIS,3
FABRICAÇÃO DE ARTEFATOS DE COURO NÃO ESPECIFICADOS ANTERIORMENTE,3
SERVIÇOS DE ALINHAMENTO E BALANCEAMENTO DE VEÍCULOS AUTOMOTORES,3
"COMÉRCIO ATACADISTA DE PRODUTOS DA EXTRAÇÃO MINERAL, EXCETO COMBUSTÍVEIS",3
"COMÉRCIO ATACADISTA DE PRODUTOS SIDERÚRGICOS E METALÚRGICOS, EXCETO PARA CONSTRUÇÃO",3
"COMÉRCIO ATACADISTA DE CERVEJA, CHOPE E REFRIGERANTE",3
FABRICAÇÃO DE PAINÉIS E LETREIROS LUMINOSOS,3
PRODUÇÃO DE FILMES PARA PUBLICIDADE,3
"COMÉRCIO ATACADISTA DE PRODUTOS ALIMENTÍCIOS EM GERAL, COM ATIVIDADE DE FRACIONAMENTO E ACONDICIONAMENTO ASSOCIADA",3
"OUTRAS ATIVIDADES PROFISSIONAIS, CIENTÍFICAS E TÉCNICAS NÃO ESPECIFICADAS ANTERIORMENTE",3
EXTRAÇÃO DE CALCÁRIO E DOLOMITA E BENEFICIAMENTO ASSOCIADO,3
SERVIÇOS DE OPERAÇÃO E FORNECIMENTO DE EQUIPAMENTOS PARA TRANSPORTE E ELEVAÇÃO DE CARGAS E PESSOAS PARA USO EM OBRAS,3
ATIVIDADES DE EXIBIÇÃO CINEMATOGRÁFICA,3
SERVIÇO DE PULVERIZAÇÃO E CONTROLE DE PRAGAS AGRÍCOLAS,2
OBRAS DE ACABAMENTO EM GESSO E ESTUQUE,2
FABRICAÇÃO DE EMBALAGENS DE PAPEL,2
SERVIÇOS DE DESENHO TÉCNICO RELACIONADOS À ARQUITETURA E ENGENHARIA,2
SALAS DE ACESSO À INTERNET,2
"FABRICAÇÃO DE MÁQUINAS, EQUIPAMENTOS E APARELHOS PARA TRANSPORTE E ELEVAÇÃO DE CARGAS, PEÇAS E ACESSÓRIOS",2
FABRICAÇÃO DE VIDRO PLANO E DE SEGURANÇA,2
COMÉRCIO ATACADISTA DE ARTIGOS DE ARMARINHO,2
PREPARAÇÃO DE CANTEIRO E LIMPEZA DE TERRENO,2
"TRANSPORTE RODOVIÁRIO COLETIVO DE PASSAGEIROS, COM ITINERÁRIO FIXO, INTERMUNICIPAL, EXCETO EM REGIÃO METROPOLITANA",2
CURSOS DE PILOTAGEM,2
"DECORAÇÃO, LAPIDAÇÃO, GRAVAÇÃO, VITRIFICAÇÃO E OUTROS TRABALHOS EM CERÂMICA, LOUÇA, VIDRO E CRISTAL",2
Comércio varejista de pedras para revestimento,2
COMÉRCIO ATACADISTA DE ALIMENTOS PARA ANIMAIS,2
"REPARAÇÃO DE BICICLETAS, TRICICLOS E OUTROS VEÍCULOS NÃO-MOTORIZADOS",2
SOCIEDADES DE CAPITALIZAÇÃO,2
MANUTENÇÃO E REPARAÇÃO DE COMPRESSORES,2
ATIVIDADES DE PSICOLOGIA E PSICANÁLISE,2
TRANSPORTE FERROVIÁRIO DE CARGA,2
"FABRICAÇÃO DE APARELHOS E EQUIPAMENTOS DE MEDIDA, TESTE E CONTROLE",2
ENSINO DE DANÇA,2
Sociedade seguradora de seguros vida,2
COMÉRCIO ATACADISTA DE MÓVEIS E ARTIGOS DE COLCHOARIA,2
COMÉRCIO ATACADISTA DE OUTRAS MÁQUINAS E EQUIPAMENTOS NÃO ESPECIFICADOS ANTERIORMENTE; PARTES E PEÇAS,2
"RECUPERAÇÃO DE MATERIAIS METÁLICOS, EXCETO ALUMÍNIO",2
FABRICAÇÃO DE OUTROS PRODUTOS QUÍMICOS NÃO ESPECIFICADOS ANTERIORMENTE,2
"FABRICAÇÃO DE SUCOS DE FRUTAS, HORTALIÇAS E LEGUMES, EXCETO CONCENTRADOS",2
"LOCAÇÃO DE OUTROS MEIOS DE TRANSPORTE NÃO ESPECIFICADOS ANTERIORMENTE, SEM CONDUTOR",2
CORRESPONDENTES DE INSTITUIÇÕES FINANCEIRAS,2
COMÉRCIO VAREJISTA DE EMBARCAÇÕES E OUTROS VEÍCULOS RECREATIVOS; PEÇAS E ACESSÓRIOS,2
COMÉRCIO ATACADISTA DE MASSAS ALIMENTÍCIAS,2
SERVIÇOS DE PRÓTESE DENTÁRIA,2
"COMÉRCIO ATACADISTA DE CEREAIS E LEGUMINOSAS BENEFICIADOS, FARINHAS, AMIDOS E FÉCULAS, COM ATIVIDADE DE FRACIONAMENTO E ACONDICIONAMENTO ASSOCIADA",2
"FABRICAÇÃO DE ARTEFATOS DE MATERIAL PLÁSTICO PARA USO NA CONSTRUÇÃO, EXCETO TUBOS E ACESSÓRIOS",2
REPRESENTANTES COMERCIAIS E AGENTES DO COMÉRCIO DE MERCADORIAS EM GERAL (NÃO-ESPECIALIZADO),2
"SERVIÇO DE PREPARAÇÃO DE TERRENO, CULTIVO E COLHEITA",2
"SOCIEDADES DE CRÉDITO, FINANCIAMENTO E INVESTIMENTO - FINANCEIRAS",2
COMÉRCIO ATACADISTA DE MATERIAIS DE CONSTRUÇÃO EM GERAL,2
MANUTENÇÃO E REPARAÇÃO DE MÁQUINAS-FERRAMENTA,2
FABRICAÇÃO DE OUTROS BRINQUEDOS E JOGOS RECREATIVOS NÃO ESPECIFICADOS ANTERIORMENTE,2
ALUGUEL DE APARELHOS DE JOGOS ELETRÔNICOS,2
Recarga de cartuchos para equipamentos de informática,2
SERVIÇOS DE PERÍCIA TÉCNICA RELACIONADOS À SEGURANÇA DO TRABALHO,2
FABRICAÇÃO DE ARTEFATOS DE TAPEÇARIA,2
"FABRICAÇÃO DE TANQUES, RESERVATÓRIOS METÁLICOS E CALDEIRAS PARA AQUECIMENTO CENTRAL",2
"FABRICAÇÃO DE MÁQUINAS E EQUIPAMENTOS PARA AS INDÚSTRIAS DO VESTUÁRIO, DO COURO E DE CALÇADOS, PEÇAS E ACESSÓRIOS",2
PLANOS DE AUXÍLIO-FUNERAL,2
"COMÉRCIO VAREJISTA ESPECIALIZADO DE MÓVEIS, COLCHOARIA E ARTIGOS DE ILUMINAÇÃO",2
"COMÉRCIO ATACADISTA DE MÁQUINAS, APARELHOS E EQUIPAMENTOS PARA USO ODONTO-MÉDICO-HOSPITALAR; PARTES E PEÇAS",2
EDIÇÃO DE REVISTAS,2
MANUTENÇÃO E REPARAÇÃO DE EQUIPAMENTOS DE TRANSMISSÃO PARA FINS INDUSTRIAIS,2
"COMÉRCIO POR ATACADO DE AUTOMÓVEIS, CAMIONETAS E UTILITÁRIOS NOVOS E USADOS",2
COMÉRCIO ATACADISTA DE SORVETES,2
RECUPERAÇÃO DE MATERIAIS NÃO ESPECIFICADOS ANTERIORMENTE,2
PENSÕES (ALOJAMENTO),2
COMÉRCIO ATACADISTA DE ARTIGOS DE ESCRITÓRIO E DE PAPELARIA,2
"ATIVIDADES RELACIONADAS A ESGOTO, EXCETO A GESTÃO DE REDES",2
"COMÉRCIO ATACADISTA DE MÁQUINAS, APARELHOS E EQUIPAMENTOS PARA USO AGROPECUÁRIO; PARTES E PEÇAS",2
COMÉRCIO POR ATACADO DE PNEUMÁTICOS E CÂMARAS-DE-AR,2
"ORGANIZAÇÃO DE EXCURSÕES EM VEÍCULOS RODOVIÁRIOS PRÓPRIOS, INTERMUNICIPAL, INTERESTADUAL E INTERNACIONAL",2
MANUTENÇÃO DE ESTAÇÕES E REDES DE TELECOMUNICAÇÕES,2
"ATIVIDADES DE PRODUÇÃO CINEMATOGRÁFICA, DE VÍDEOS E DE PROGRAMAS DE TELEVISÃO NÃO ESPECIFICADAS ANTERIORMENTE",2
DEMOLIÇÃO DE EDIFÍCIOS E OUTRAS ESTRUTURAS,2
LABORATÓRIOS DE ANATOMIA PATOLÓGICA E CITOLÓGICA,2
GESTÃO DE ATIVOS INTANGÍVEIS NÃO-FINANCEIROS,2
ATIVIDADES DE PROFISSIONAIS DA ÁREA DE SAÚDE NÃO ESPECIFICADAS ANTERIORMENTE,2
FUNDIÇÃO DE METAIS NÃO-FERROSOS E SUAS LIGAS,2
"COMÉRCIO ATACADISTA DE DEFENSIVOS AGRÍCOLAS, ADUBOS, FERTILIZANTES E CORRETIVOS DO SOLO",2
"DEPÓSITOS DE MERCADORIAS PARA TERCEIROS, EXCETO ARMAZÉNS GERAIS E GUARDA-MÓVEIS",2
Loteamento de imóveis próprios,2
"FABRICAÇÃO DE MÁQUINAS-FERRAMENTA, PEÇAS E ACESSÓRIOS",2
Edição integrada à impressão de jornais diários,2
SERVIÇOS DE CONFECÇÃO DE ARMAÇÕES METÁLICAS PARA A CONSTRUÇÃO,2
"COMÉRCIO ATACADISTA DE CHOCOLATES, CONFEITOS, BALAS, BOMBONS E SEMELHANTES",2
FABRICAÇÃO DE FARINHA DE MANDIOCA E DERIVADOS,2
ATIVIDADES DE TELEATENDIMENTO,2
"FABRICAÇÃO DE ARTEFATOS DE CONCRETO, CIMENTO, FIBROCIMENTO, GESSO E MATERIAIS SEMELHANTES",2
COMÉRCIO ATACADISTA DE PRODUTOS ODONTOLÓGICOS,2
"FABRICAÇÃO DE TRANSFORMADORES, INDUTORES, CONVERSORES, SINCRONIZADORES E SEMELHANTES, PEÇAS E ACESSÓRIOS",2
COMÉRCIO VAREJISTA DE ARMAS E MUNIÇÕES,2
CONSTRUÇÃO DE ESTAÇÕES E REDES DE DISTRIBUIÇÃO DE ENERGIA ELÉTRICA,2
Serviços de encadernação e plastificação,2
REPARAÇÃO DE JÓIAS,2
"SERVIÇOS COMBINADOS PARA APOIO A EDIFÍCIOS, EXCETO CONDOMÍNIOS PREDIAIS",2
COMÉRCIO ATACADISTA ESPECIALIZADO DE MATERIAIS DE CONSTRUÇÃO NÃO ESPECIFICADOS ANTERIORMENTE,2
PRODUÇÃO E PROMOÇÃO DE EVENTOS ESPORTIVOS,2
MANUTENÇÃO E REPARAÇÃO DE APARELHOS ELETROMÉDICOS E ELETROTERAPÊUTICOS E EQUIPAMENTOS DE IRRADIAÇÃO,2
"GESTÃO DE ESPAÇOS PARA ARTES CÊNICAS, ESPETÁCULOS E OUTRAS ATIVIDADES ARTÍSTICAS",2
PARQUES DE DIVERSÃO E PARQUES TEMÁTICOS,2
ATIVIDADES FUNERÁRIAS E SERVIÇOS RELACIONADOS NÃO ESPECIFICADOS ANTERIORMENTE,2
TRANSPORTE RODOVIÁRIO DE MUDANÇAS,2
"CAPTAÇÃO, TRATAMENTO E DISTRIBUIÇÃO DE ÁGUA",2
CONSTRUÇÃO DE OBRAS-DE-ARTE ESPECIAIS,2
COMÉRCIO VAREJISTA DE LUBRIFICANTES,2
ATIVIDADES DE APOIO À AGRICULTURA NÃO ESPECIFICADAS ANTERIORMENTE,2
MOAGEM E FABRICAÇÃO DE PRODUTOS DE ORIGEM VEGETAL NÃO ESPECIFICADOS ANTERIORMENTE,2
ALUGUEL DE ANDAIMES,2
SERVIÇOS DE AGRONOMIA E DE CONSULTORIA ÀS ATIVIDADES AGRÍCOLAS E PECUÁRIAS,2
"EXTRAÇÃO DE MINERAIS PARA FABRICAÇÃO DE ADUBOS, FERTILIZANTES E OUTROS PRODUTOS QUÍMICOS",2
PREPARAÇÃO DO LEITE,2
FABRICAÇÃO DE OUTROS PRODUTOS TÊXTEIS NÃO ESPECIFICADOS ANTERIORMENTE,2
SERVIÇOS DE MICROFILMAGEM,2
"ESTAMPARIA E TEXTURIZAÇÃO EM FIOS, TECIDOS, ARTEFATOS TÊXTEIS E PEÇAS DO VESTUÁRIO",2
FABRICAÇÃO DE PRODUTOS CERÂMICOS NÃO-REFRATÁRIOS NÃO ESPECIFICADOS ANTERIORMENTE,1
FABRICAÇÃO DE DESINFESTANTES DOMISSANITÁRIOS,1
"TRANSPORTE POR NAVEGAÇÃO INTERIOR DE PASSAGEIROS EM LINHAS REGULARES, INTERMUNICIPAL, INTERESTADUAL E INTERNACIONAL, EXCETO TRAVESSIA",1
"MANUTENÇÃO E REPARAÇÃO DE TRATORES, EXCETO AGRÍCOLAS",1
ATIVIDADES DE VIGILÂNCIA E SEGURANÇA PRIVADA,1
INSTITUIÇÕES DE LONGA PERMANÊNCIA PARA IDOSOS,1
FABRICAÇÃO DE PRODUTOS DE TREFILADOS DE METAL PADRONIZADOS,1
REPARAÇÃO DE RELÓGIOS,1
FABRICAÇÃO DE ARTEFATOS DE MATERIAL PLÁSTICO PARA USOS INDUSTRIAIS,1
FABRICAÇÃO DE PEÇAS E ACESSÓRIOS PARA VEÍCULOS FERROVIÁRIOS,1
"SERVIÇOS DE GRAVAÇÃO DE CARIMBOS, EXCETO CONFECÇÃO",1
ACABAMENTO DE CALÇADOS DE COURO SOB CONTRATO,1
"FABRICAÇÃO DE CONSERVAS DE LEGUMES E OUTROS VEGETAIS, EXCETO PALMITO",1
FRIGORÍFICO - ABATE DE OVINOS E CAPRINOS,1
MONTAGEM E DESMONTAGEM DE ANDAIMES E OUTRAS ESTRUTURAS TEMPORÁRIAS,1
ATIVIDADES DE APOIO À PESCA EM ÁGUA SALGADA,1
FABRICAÇÃO DE MEDICAMENTOS FITOTERÁPICOS PARA USO HUMANO,1
"AGENCIAMENTO DE CARGAS, EXCETO PARA O TRANSPORTE MARÍTIMO",1
CONDOMÍNIOS RESIDENCIAIS PARA IDOSOS,1
SOCIEDADES DE FOMENTO MERCANTIL - FACTORING,1
"TRATAMENTOS TÉRMICOS, ACÚSTICOS OU DE VIBRAÇÃO",1
ORGANIZAÇÃO LOGÍSTICA DO TRANSPORTE DE CARGA,1
FILMAGEM DE FESTAS E EVENTOS,1
MANUTENÇÃO E REPARAÇÃO DE MÁQUINAS E EQUIPAMENTOS PARA AGRICULTURA E PECUÁRIA,1
"FABRICAÇÃO DE PRODUTOS DE PASTAS CELULÓSICAS, PAPEL, CARTOLINA, PAPEL-CARTÃO E PAPELÃO ONDULADO NÃO ESPECIFICADOS ANTERIORMENTE",1
"CLUBES SOCIAIS, ESPORTIVOS E SIMILARES",1
CULTIVO DE EUCALIPTO,1
AGÊNCIAS DE NOTÍCIAS,1
FABRICAÇÃO DE EMBALAGENS METÁLICAS,1
CONSTRUÇÃO DE EMBARCAÇÕES DE GRANDE PORTE,1
"ALUGUEL DE EQUIPAMENTOS CIENTÍFICOS, MÉDICOS E HOSPITALARES, SEM OPERADOR",1
COMÉRCIO ATACADISTA DE FUMO BENEFICIADO,1
ATIVIDADES DO CORREIO NACIONAL,1
ATIVIDADES DE ATENÇÃO AMBULATORIAL NÃO ESPECIFICADAS ANTERIORMENTE,1
FABRICAÇÃO DE AZULEJOS E PISOS,1
COMISSARIA DE DESPACHOS,1
COMÉRCIO ATACADISTA DE MATÉRIAS-PRIMAS AGRÍCOLAS NÃO ESPECIFICADAS ANTERIORMENTE,1
GUARDA-MÓVEIS,1
COMÉRCIO ATACADISTA DE MÁQUINAS E EQUIPAMENTOS PARA USO COMERCIAL; PARTES E PEÇAS,1
FABRICAÇÃO DE PREPARAÇÕES FARMACÊUTICAS,1
COMÉRCIO ATACADISTA DE BEBIDAS COM ATIVIDADE DE FRACIONAMENTO E ACONDICIONAMENTO ASSOCIADA,1
"MANUTENÇÃO E REPARAÇÃO DE EQUIPAMENTOS HIDRÁULICOS E PNEUMÁTICOS, EXCETO VÁLVULAS",1
"COMÉRCIO ATACADISTA DE RESÍDUOS E SUCATAS NÃO-METÁLICOS, EXCETO DE PAPEL E PAPELÃO",1
FACÇÃO DE ROUPAS PROFISSIONAIS,1
Serviços de capotaria,1
PERFURAÇÃO E CONSTRUÇÃO DE POÇOS DE ÁGUA,1
ATIVIDADE MÉDICA AMBULATORIAL COM RECURSOS PARA REALIZAÇÃO DE PROCEDIMENTOS CIRÚRGICOS,1
ATIVIDADES AUXILIARES DOS TRANSPORTES AQUAVIÁRIOS NÃO ESPECIFICADAS ANTERIORMENTE,1
ATIVIDADES DE PÓS-COLHEITA,1
Serviço de laboratório óptico,1
"FABRICAÇÃO DE ARTIGOS DO VESTUÁRIO, PRODUZIDOS EM MALHARIAS E TRICOTAGENS, EXCETO MEIAS",1
FABRICAÇÃO DE PRODUTOS DO ARROZ,1
CONSTRUÇÃO DE INSTALAÇÕES ESPORTIVAS E RECREATIVAS,1
"FABRICAÇÃO DE ARTEFATOS DIVERSOS DE CORTIÇA, BAMBU, PALHA, VIME E OUTROS MATERIAIS TRANÇADOS, EXCETO MÓVEIS",1
Atividades do Operador Portuário,1
ATIVIDADES DE APOIO À EXTRAÇÃO DE MINÉRIO DE FERRO,1
COMÉRCIO ATACADISTA DE BOMBAS E COMPRESSORES; PARTES E PEÇAS,1
"FABRICAÇÃO DE OUTRAS MÁQUINAS E EQUIPAMENTOS PARA USO NA EXTRAÇÃO MINERAL, PEÇAS E ACESSÓRIOS, EXCETO NA EXTRAÇÃO DE PETRÓLEO",1
FABRICAÇÃO DE ARTIGOS ÓPTICOS,1
EDUCAÇÃO SUPERIOR - GRADUAÇÃO,1
"FABRICAÇÃO DE MATERIAL ELÉTRICO E ELETRÔNICO PARA VEÍCULOS AUTOMOTORES, EXCETO BATERIAS",1
ADMINISTRAÇÃO PÚBLICA EM GERAL,1
FABRICAÇÃO DE COLCHÕES,1
COMÉRCIO POR ATACADO DE ÔNIBUS E MICROÔNIBUS NOVOS E USADOS,1
OUTRAS ATIVIDADES DE SERVIÇOS FINANCEIROS NÃO ESPECIFICADAS ANTERIORMENTE,1
"SERVIÇOS DE DIAGNÓSTICO POR REGISTRO GRÁFICO - ECG, EEG E OUTROS EXAMES ANÁLOGOS",1
"Transporte por navegação de travessia intermunicipal, interestadual e internacional",1
ATIVIDADES DE PRÁTICAS INTEGRATIVAS E COMPLEMENTARES EM SAÚDE HUMANA,1
FABRICAÇÃO DE TECIDOS DE MALHA,1
PRODUÇÃO DE PINTOS DE UM DIA,1
SERVIÇOS DE RESERVAS E OUTROS SERVIÇOS DE TURISMO NÃO ESPECIFICADOS ANTERIORMENTE,1
MANUTENÇÃO E REPARAÇÃO DE EQUIPAMENTOS E PRODUTOS NÃO ESPECIFICADOS ANTERIORMENTE,1
FABRICAÇÃO DE CONSERVAS DE PALMITO,1
PRODUÇÃO DE FORJADOS DE AÇO,1
PRODUÇÃO DE CARVÃO VEGETAL - FLORESTAS NATIVAS,1
FABRICAÇÃO DE CIMENTO,1
CURSOS PREPARATÓRIOS PARA CONCURSOS,1
FABRICAÇÃO DE EQUIPAMENTOS DE INFORMÁTICA,1
"FABRICAÇÃO DE EQUIPAMENTOS HIDRÁULICOS E PNEUMÁTICOS, PEÇAS E ACESSÓRIOS, EXCETO VÁLVULAS",1
REPRESENTANTES COMERCIAIS E AGENTES DO COMÉRCIO DE VEÍCULOS AUTOMOTORES,1
COMÉRCIO ATACADISTA DE AVES ABATIDAS E DERIVADOS,1
"COMÉRCIO ATACADISTA DE JÓIAS, RELÓGIOS E BIJUTERIAS, INCLUSIVE PEDRAS PRECIOSAS E SEMIPRECIOSAS LAPIDADAS",1
Serviço de corte e dobra de metais,1
EXTRAÇÃO DE MINÉRIO DE METAIS PRECIOSOS,1
"FABRICAÇÃO DE ELETRODOS, CONTATOS E OUTROS ARTIGOS DE CARVÃO E GRAFITA PARA USO ELÉTRICO, ELETROÍMÃS E ISOLADORES",1
ALUGUEL DE MATERIAL MÉDICO,1
FABRICAÇÃO DE GELO COMUM,1
FABRICAÇÃO DE LAMINADOS PLANOS E TUBULARES DE MATERIAL PLÁSTICO,1
ATIVIDADES DE SERVIÇOS DE COMPLEMENTAÇÃO DIAGNÓSTICA E TERAPÊUTICA NÃO ESPECIFICADAS ANTERIORMENTE,1
SERVIÇOS DE MANUTENÇÃO E REPARAÇÃO DE AUTOMÓVEIS,1
OUTROS SERVIÇOS PRESTADOS PRINCIPALMENTE ÀS EMPRESAS,1
EXTRAÇÃO DE CARVÃO MINERAL,1
FABRICAÇÃO DE ÁLCOOL,1
FABRICAÇÃO DE OUTROS EQUIPAMENTOS E APARELHOS ELÉTRICOS NÃO ESPECIFICADOS ANTERIORMENTE,1
"FABRICAÇÃO DE MÁQUINAS E EQUIPAMENTOS PARA USO INDUSTRIAL ESPECÍFICO NÃO ESPECIFICADOS ANTERIORMENTE, PEÇAS E ACESSÓRIOS",1
PRODUÇÃO FLORESTAL - FLORESTAS PLANTADAS,1
"ATIVIDADES DE PRODUÇÃO CINEMATOGRÁFICA, DE VÍDEOS E DE PROGRAMAS DE TELEVISÃO",1
TESTES E ANÁLISES TÉCNICAS,1
INSTALAÇÃO DE PAINÉIS PUBLICITÁRIOS,1
COMÉRCIO ATACADISTA DE RESÍDUOS DE PAPEL E PAPELÃO,1
FABRICAÇÃO DE APARELHOS E EQUIPAMENTOS PARA DISTRIBUIÇÃO E CONTROLE DE ENERGIA ELÉTRICA,1
"ORGANIZAÇÃO DE EXCURSÕES EM VEÍCULOS RODOVIÁRIOS PRÓPRIOS, MUNICIPAL",1
"FABRICAÇÃO DE EQUIPAMENTOS TRANSMISSORES DE COMUNICAÇÃO, PEÇAS E ACESSÓRIOS",1
FABRICAÇÃO DE MEDICAMENTOS HOMEOPÁTICOS PARA USO HUMANO,1
FABRICAÇÃO DE OUTROS ARTIGOS DE CARPINTARIA PARA CONSTRUÇÃO,1
"PRODUÇÃO DE LAMINADOS LONGOS DE AÇO, EXCETO TUBOS",1
EXTRAÇÃO DE ARDÓSIA E BENEFICIAMENTO ASSOCIADO,1
CULTIVO DE CACAU,1
ESTÚDIOS CINEMATOGRÁFICOS,1
COMÉRCIO ATACADISTA DE LUBRIFICANTES,1
COMÉRCIO ATACADISTA DE ROUPAS E ACESSÓRIOS PARA USO PROFISSIONAL E DE SEGURANÇA DO TRABALHO,1
METALURGIA DO PÓ,1
HOTÉIS E SIMILARES,1
"CRIAÇÃO DE BOVINOS, EXCETO PARA CORTE E LEITE",1
Serviços de tatuagem e colocação de piercing,1
FABRICAÇÃO DE BATERIAS E ACUMULADORES PARA VEÍCULOS AUTOMOTORES,1
"EXPLORAÇÃO DE JOGOS DE SINUCA, BILHAR E SIMILARES",1
IMPRESSÃO DE JORNAIS,1
COLETA DE RESÍDUOS PERIGOSOS,1
PREPARAÇÃO E FIAÇÃO DE FIBRAS DE ALGODÃO,1
"CONSTRUÇÃO DE REDES DE ABASTECIMENTO DE ÁGUA, COLETA DE ESGOTO E CONSTRUÇÕES CORRELATAS, EXCETO OBRAS DE IRRIGAÇÃO",1
"COMÉRCIO ATACADISTA DE COUROS, LÃS, PELES E OUTROS SUBPRODUTOS NÃO-COMESTÍVEIS DE ORIGEM ANIMAL",1
COMÉRCIO ATACADISTA DE MEDICAMENTOS E DROGAS DE USO VETERINÁRIO,1
"COMÉRCIO VAREJISTA DE MÁQUINAS, EQUIPAMENTOS E MATERIAIS DE INFORMÁTICA",1
ENSINO MÉDIO,1
"COMÉRCIO ATACADISTA DE ÁLCOOL CARBURANTE, BIODIESEL, GASOLINA E DEMAIS DERIVADOS DE PETRÓLEO, EXCETO LUBRIFICANTES, NÃO REALIZADO POR TRANSPORTADOR RETALHISTA (TRR)",1
ATIVIDADES DE ESTUDOS GEOLÓGICOS,1
"BARES E OUTROS ESTABELECIMENTOS ESPECIALIZADOS EM SERVIR BEBIDAS, COM ENTRETENIMENTO",1
"FABRICAÇÃO DE CANETAS, LÁPIS E OUTROS ARTIGOS PARA ESCRITÓRIO",1
"FABRICAÇÃO DE PARTES PARA CALÇADOS, DE QUALQUER MATERIAL",1
CULTIVO DE SERINGUEIRA,1
CULTIVO DE OUTRAS PLANTAS DE LAVOURA TEMPORÁRIA NÃO ESPECIFICADAS ANTERIORMENTE,1
"FABRICAÇÃO DE REFRESCOS, XAROPES E PÓS PARA REFRESCOS, EXCETO REFRESCOS DE FRUTAS",1
FABRICAÇÃO DE EXPLOSIVOS,1
CAMPINGS,1
COMÉRCIO VAREJISTA DE MATERIAIS DE CONSTRUÇÃO EM GERAL.,1
COMÉRCIO ATACADISTA DE COMBUSTÍVEIS REALIZADO POR TRANSPORTADOR RETALHISTA (TRR),1
"FABRICAÇÃO DE TINTAS, VERNIZES, ESMALTES E LACAS",1
"FABRICAÇÃO DE MÁQUINAS E EQUIPAMENTOS PARA A PROSPECÇÃO E EXTRAÇÃO DE PETRÓLEO, PEÇAS E ACESSÓRIOS",1
ENVASAMENTO E EMPACOTAMENTO SOB CONTRATO,1
ATIVIDADES DE MONITORAMENTO DE SISTEMAS DE SEGURANÇA,1
COMÉRCIO ATACADISTA DE PAPEL E PAPELÃO EM BRUTO,1
"MANUTENÇÃO E REPARAÇÃO DE MÁQUINAS, EQUIPAMENTOS E APARELHOS PARA TRANSPORTE E ELEVAÇÃO DE CARGAS",1
"COMÉRCIO ATACADISTA DE TINTAS, VERNIZES E SIMILARES",1
FABRICAÇÃO DE ARTIGOS DE VIDRO,1
"EDIÇÃO DE CADASTROS, LISTAS E OUTROS PRODUTOS GRÁFICOS",1
ENSINO DE MÚSICA,1
RESTAURAÇÃO E CONSERVAÇÃO DE LUGARES E PRÉDIOS HISTÓRICOS,1
ATIVIDADES DE APOIO À PECUÁRIA NÃO ESPECIFICADAS ANTERIORMENTE,1
FABRICAÇÃO DE MATERIAL ELÉTRICO PARA INSTALAÇÕES EM CIRCUITO DE CONSUMO,1
TRATAMENTO E DISPOSIÇÃO DE RESÍDUOS PERIGOSOS,1
PRODUÇÃO DE TUBOS DE AÇO COM COSTURA,1
FRIGORÍFICO - ABATE DE BOVINOS,1
SERVIÇOS DE MIXAGEM SONORA EM PRODUÇÃO AUDIOVISUAL,1
FABRICAÇÃO DE OUTROS PRODUTOS QUÍMICOS INORGÂNICOS NÃO ESPECIFICADOS ANTERIORMENTE,1
Edição de jornais diários,1
"FABRICAÇÃO DE APARELHOS TELEFÔNICOS E DE OUTROS EQUIPAMENTOS DE COMUNICAÇÃO, PEÇAS E ACESSÓRIOS",1
ATIVIDADES VETERINÁRIAS,1
"FABRICAÇÃO DE FRUTAS CRISTALIZADAS, BALAS E SEMELHANTES",1
EXTRAÇÃO E BENEFICIAMENTO DE AREIAS BETUMINOSAS,1
FABRICAÇÃO DE PÓS ALIMENTÍCIOS,1
OUTRAS ATIVIDADES ESPORTIVAS NÃO ESPECIFICADAS ANTERIORMENTE,1
FORNECIMENTO E GESTÃO DE RECURSOS HUMANOS PARA TERCEIROS,1
FABRICAÇÃO DE MÓVEIS COM PREDOMINÂNCIA DE METAL,1
COMÉRCIO ATACADISTA DE ÁGUA MINERAL,1
"PRODUÇÃO DE MUDAS E OUTRAS FORMAS DE PROPAGAÇÃO VEGETAL, CERTIFICADAS",1
Serviços de praticagem,1
CULTIVO DE FRUTAS DE LAVOURA PERMANENTE NÃO ESPECIFICADAS ANTERIORMENTE,1
FABRICAÇÃO DE PAPEL,1
Serviços de tratamento e revestimento em metais,1
"COMÉRCIO ATACADISTA DE PRODUTOS DE HIGIENE, LIMPEZA E CONSERVAÇÃO DOMICILIAR, COM ATIVIDADE DE FRACIONAMENTO E ACONDICIONAMENTO ASSOCIADA",1
"ATIVIDADES AUXILIARES DOS TRANSPORTES AÉREOS, EXCETO OPERAÇÃO DOS AEROPORTOS E CAMPOS DE ATERRISSAGEM",1
AUDITORIA E CONSULTORIA ATUARIAL,1
OPERADORES TURÍSTICOS,1
TABACARIA,1
BENEFICIAMENTO DE CAFÉ,1
ATIVIDADES DE APOIO À GESTÃO DE SAÚDE,1
RELAÇÕES EXTERIORES,1
"COMÉRCIO ATACADISTA DE SEMENTES, FLORES, PLANTAS E GRAMAS",1
"SERVIÇOS DE DIAGNÓSTICO POR IMAGEM SEM USO DE RADIAÇÃO IONIZANTE, EXCETO RESSONÂNCIA MAGNÉTICA",1
TELEFONIA MÓVEL CELULAR,1
ATIVIDADES DE ATENDIMENTO EM PRONTO-SOCORRO E UNIDADES HOSPITALARES PARA ATENDIMENTO A URGÊNCIAS,1
"FABRICAÇÃO DE IMPERMEABILIZANTES, SOLVENTES E PRODUTOS AFINS",1
"MANUTENÇÃO E REPARAÇÃO DE APARELHOS E INSTRUMENTOS DE MEDIDA, TESTE E CONTROLE",1
"Serviços de acabamentos gráficos, exceto encadernação e plastificação",1
TRANSPORTE AQUAVIÁRIO PARA PASSEIOS TURÍSTICOS,1
PRODUÇÃO DE ARTEFATOS ESTAMPADOS DE METAL,1
"COMÉRCIO ATACADISTA DE LIVROS, JORNAIS E OUTRAS PUBLICAÇÕES",1
FABRICAÇÃO DE APARELHOS E UTENSÍLIOS PARA CORREÇÃO DE DEFEITOS FÍSICOS E APARELHOS ORTOPÉDICOS EM GERAL SOB ENCOMENDA,1
"FABRICAÇÃO DE APARELHOS FOTOGRÁFICOS E CINEMATOGRÁFICOS, PEÇAS E ACESSÓRIOS",1
Fabricação de alimentos dietéticos e complementos alimentares,1
